date,cl,hilo,vol
2002-07-29,58.170895,0.007870171020306849,0.3043
2002-08-05,58.135262,0.003431870018624217,0.441
2002-08-12,58.014053,0.00503032770407863,0.5594
2002-08-19,58.113831,0.0031925616899632914,0.2391
2002-08-26,58.192318,0.0035585166128253576,0.3525
2002-09-02,58.163773,0.0030616642991718734,0.2152
2002-09-09,58.265862,0.0028228923837350095,0.2861
2002-09-16,58.408695,0.003797370795861177,0.7934
2002-09-23,58.537304,0.0032996913330469724,1.3807
2002-09-30,58.473,0.004515170307409555,0.7925
2002-10-07,58.544266,0.0034171255054129546,1.2447
2002-10-14,58.35836,0.005756559434205499,0.5464
2002-10-21,58.46563,0.005026011131377572,1.1737
2002-10-28,58.608643,0.0041462986231088905,0.2889
2002-11-04,58.667938,0.0025645615062996896,0.8411
2002-11-11,58.632065,0.0035411356159933405,0.2389
2002-11-18,58.467304,0.003302908419552608,0.185
2002-11-25,58.538982,0.002569896766701163,0.6888
2002-12-02,58.639214,0.006000213850752445,0.9759
2002-12-09,58.761398,0.0021975347630007747,0.3575
2002-12-16,58.919174,0.004024665325589538,0.8251
2002-12-23,59.105736,0.003891516548482521,0.1928
2002-12-30,58.840279,0.006206969283121033,0.6879
2003-01-06,58.968475,0.003292436322261061,0.4821
2003-01-13,59.018776,0.0030452547676986796,0.3831
2003-01-20,59.090664,0.0020678229103845425,0.3251
2003-01-27,59.112217,0.0017029562770582984,1.6749
2003-02-03,59.112217,0.0025561330162604534,0.3443
2003-02-10,59.228806,0.00303933136668455,0.4134
2003-02-17,59.221596,0.0020662298071352225,0.3591
2003-02-24,59.343967,0.001942406850152345,0.4536
2003-03-03,59.408733,0.003761059961342461,0.3779
2003-03-10,59.32737,0.004730997018877581,0.6069
2003-03-17,59.111149,0.005228929232450774,0.5478
2003-03-24,59.40667,0.0037678196424995036,0.2848
2003-03-31,59.312984,0.0038849144877151076,0.6696
2003-04-07,59.343163,0.0029175562372518726,0.6674
2003-04-14,59.29258,0.002190060533288296,0.5613
2003-04-21,59.480133,0.0038896244256543255,0.8004
2003-04-28,59.386433,0.0027910460784612567,0.4736
2003-05-05,59.581345,0.003278057874796403,0.5721
2003-05-12,59.689693,0.002302819000767009,0.3655
2003-05-19,59.747543,0.0016940831840415171,0.3078
2003-05-26,59.761982,0.0016937700740200512,0.3796
2003-06-02,59.76926,0.003629804282462956,0.5093
2003-06-09,60.03484,0.003138228208917404,0.6264
2003-06-16,59.926304,0.0027769773186729907,0.6448
2003-06-23,59.810497,0.006281779611740035,1.4291
2003-06-30,59.752563,0.0025419004933562306,0.5642
2003-07-07,59.877087,0.0023012545036991128,0.6154
2003-07-14,59.717716,0.003393519091276609,0.5758
2003-07-21,59.724911,0.002671213325403876,0.6629
2003-07-28,59.420525,0.006816056128221781,0.6731
2003-08-04,59.617733,0.004385971836383007,0.618
2003-08-11,59.552452,0.003289640473242983,0.3698
2003-08-18,59.47263,0.003657239301159798,0.5779
2003-08-25,59.530697,0.0028050997453776816,0.7186
2003-09-01,59.704826,0.0058494316337753816,0.6432
2003-09-08,59.852512,0.0036433851330075484,0.6855
2003-09-15,59.852512,0.002547759961992746,0.5071
2003-09-22,60.005009,0.003760050544090454,0.5933
2003-09-29,59.888824,0.004239676873303289,0.595
2003-10-06,59.970798,0.0019410900186702662,0.698
2003-10-13,59.781708,0.004862061329264478,0.5477
2003-10-20,59.92709,0.003768845215243566,0.5801
2003-10-27,59.854424,0.0033996997084120295,0.6256
2003-11-03,59.607113,0.0039000659294776696,0.9801
2003-11-10,59.942501,0.0051157116155744475,0.6078
2003-11-17,59.971649,0.0025508546929131626,0.5339
2003-11-24,59.818741,0.0029186084375858456,0.4726
2003-12-01,59.920662,0.0054820994059330275,0.8143
2003-12-08,60.079781,0.005470104233920914,1.0208
2003-12-15,60.138092,0.0024271492056069377,0.6094
2003-12-22,60.442291,0.0033977219922070034,0.4521
2003-12-29,60.23727,0.004006585922003758,0.532
2004-01-05,60.6007,0.00606430018816706,0.9321
2004-01-12,60.6007,0.0020549901832307427,0.9208
2004-01-19,60.622768,0.0025385204765751013,0.9069
2004-01-26,60.542053,0.0059355149369295646,1.2412
2004-02-02,60.549385,0.002181722077521542,0.917
2004-02-09,60.783588,0.003751871269488838,1.1447
2004-02-16,60.702839,0.0016926615296686265,0.5299
2004-02-23,60.835003,0.0020539849189917803,0.7853
2004-03-01,60.813038,0.00459489318351558,1.2256
2004-03-08,60.999016,0.0016875606908461904,0.8144
2004-03-15,61.013744,0.002049280397738329,1.0375
2004-03-22,61.013744,0.00168654414904168,1.213
2004-03-29,60.631416,0.006891992866350449,1.2269
2004-04-05,60.748589,0.001940383848445748,0.6977
2004-04-12,60.623447,0.0041316864690257304,1.0487
2004-04-19,60.38044,0.004625093472543362,1.3603
2004-04-26,60.358391,0.0026829528288878635,3.5625
2004-05-03,59.997585,0.0070948554490533056,1.8225
2004-05-10,60.200573,0.003927336932600056,1.2944
2004-05-17,60.222672,0.002449229732803815,0.9107
2004-05-24,60.355469,0.0034246485456916886,0.9111
2004-05-31,60.060467,0.002697414665746578,0.7456
2004-06-07,60.07774,0.0028253320535664983,1.0728
2004-06-14,60.114662,0.0041815827235316405,1.2562
2004-06-21,60.262352,0.002575886201226396,0.8894
2004-06-28,60.410088,0.005758080227806772,1.3126
2004-07-05,60.533749,0.0018341021220233955,0.9196
2004-07-12,60.607746,0.002566755718922842,1.0036
2004-07-19,60.467133,0.00354633216506528,0.7436
2004-07-26,60.511547,0.0034280028462259082,0.6486
2004-08-02,60.711342,0.006105024917717472,1.6887
2004-08-09,60.832455,0.002927878250964966,0.7832
2004-08-16,60.862095,0.0028019267012586724,0.8849
2004-08-23,60.854748,0.002071350090925961,0.6033
2004-08-30,60.699081,0.005606340129881815,1.0205
2004-09-06,60.907967,0.003293751131967504,0.3878
2004-09-13,60.922825,0.002436018301529508,0.9372
2004-09-20,60.878307,0.0031676684179213765,1.9839
2004-09-27,60.759571,0.004026040941125686,1.1858
2004-10-04,60.954094,0.003419629719161321,0.6989
2004-10-11,61.050739,0.002436611784781384,0.7604
2004-10-18,61.073116,0.0018271642158449453,0.8784
2004-10-25,61.080505,0.002314050130193479,0.7899
2004-11-01,60.753307,0.004031463550889569,1.3882
2004-11-08,60.825859,0.0017142162080494572,0.8947
2004-11-15,60.766155,0.002082247049835395,0.9733
2004-11-22,60.706619,0.0019613146282022598,1.0522
2004-11-29,60.773678,0.0036814743899658,1.3765
2004-12-06,60.911751,0.0023282285030177263,1.3645
2004-12-13,60.85207,0.001960821742726715,1.2823
2004-12-20,60.844608,0.0014710680688372335,1.6709
2004-12-27,60.755077,0.0022084916951934375,0.9796
2005-01-03,60.795242,0.0025815861218720926,1.5303
2005-01-10,60.825134,0.0018442495479629173,1.0361
2005-01-17,60.92234,0.0029491050748813308,0.7332
2005-01-24,60.855064,0.0019653120193847684,1.0342
2005-01-31,60.735447,0.0031988461135803448,1.2961
2005-02-07,60.863312,0.002460995443751557,1.7204
2005-02-14,60.758461,0.0019709787114807753,1.7078
2005-02-21,60.728485,0.0018489250259454693,1.7236
2005-02-28,60.6161,0.0032118866004671176,2.9372
2005-03-07,60.633217,0.0025975524098047487,2.0437
2005-03-14,60.655743,0.0022274603524676806,1.1855
2005-03-21,60.59573,0.0037141926831472105,3.7328
2005-03-28,60.59573,0.0027241348345752314,2.266
2005-04-04,60.768524,0.001980738478497557,1.2845
2005-04-11,61.046883,0.005189657020067351,1.0662
2005-04-18,60.97916,0.0025889060396808716,3.028
2005-04-25,61.016777,0.0027127144140735027,1.6895
2005-05-02,60.866348,0.003580926374318949,1.5993
2005-05-09,61.160099,0.0035818107608616145,0.7868
2005-05-16,61.114796,0.002342379233915004,0.8946
2005-05-23,61.212837,0.0018487834534841596,2.3364
2005-05-30,61.137424,0.003203575928591995,1.5284
2005-06-06,61.220325,0.00246767554258831,2.2561
2005-06-13,61.265713,0.0013579534633505475,1.8197
2005-06-20,61.401722,0.0034508168545830387,1.3211
2005-06-27,61.099396,0.005676212355179011,1.3063
2005-07-04,61.27747,0.002471933034765783,0.6068
2005-07-11,61.247154,0.0009895349644652995,2.5883
2005-07-18,61.247154,0.001732446966301815,1.5912
2005-07-25,61.178967,0.0014852707181169933,2.0422
2005-08-01,60.981979,0.0021109587524792417,1.5596
2005-08-08,61.2481,0.0033530611355852002,0.9877
2005-08-15,61.293629,0.0021074575195099143,0.9127
2005-08-22,61.316414,0.0021048481999361712,1.7715
2005-08-29,61.559395,0.004448845806529711,1.7561
2005-09-05,61.573036,0.00160698469833509,1.806
2005-09-12,61.519756,0.002226621404845197,1.7638
2005-09-19,61.519756,0.002475004311151885,1.4803
2005-09-26,61.397881,0.002354875053495853,1.1154
2005-10-03,61.260811,0.0019903352881609493,1.7588
2005-10-10,61.38567,0.0036045034018146183,1.7285
2005-10-17,61.477348,0.0022382500705040442,1.8109
2005-10-24,61.370407,0.0027370134882129804,1.5529
2005-10-31,61.148922,0.0043637998146968116,1.4884
2005-11-07,61.425644,0.0023706418091551384,1.184
2005-11-14,61.509872,0.003365907310429961,1.6897
2005-11-21,61.609425,0.00236326994521896,1.9379
2005-11-28,61.40266,0.005106768275845219,1.805
2005-12-05,61.617912,0.0032419229984776976,3.2109
2005-12-12,61.748493,0.003238189362939181,2.5057
2005-12-19,61.786949,0.0026120917730736437,2.419
2005-12-26,61.610306,0.004232070045651071,1.7827
2006-01-02,61.909412,0.002864845952669448,2.1955
2006-01-09,62.009583,0.0028619816176451707,1.9193
2006-01-16,62.009583,0.0013674065240065758,1.8136
2006-01-23,61.878601,0.00248752611190195,1.6202
2006-01-30,61.693642,0.005238854572391816,2.0966
2006-02-06,61.775684,0.0017500004466146635,1.5602
2006-02-13,61.907097,0.0023745933945891196,1.4117
2006-02-20,61.876156,0.001124177246616398,11.8473
2006-02-27,61.644325,0.005128587137080309,1.5019
2006-03-06,61.88303,0.001879842601836046,2.8781
2006-03-13,62.107895,0.004377444408026676,1.7717
2006-03-20,62.115665,0.0021241464849408587,1.8951
2006-03-27,62.038074,0.0023750745882589186,2.3285
2006-04-03,61.80542,0.002760378268214403,5.8396
2006-04-10,62.034981,0.0018814805838340831,2.4369
2006-04-17,62.120598,0.0028819768083643282,5.2725
2006-04-24,62.175068,0.0031314612315913593,1.5704
2006-05-01,61.964924,0.0017587818935504984,3.1628
2006-05-08,62.169559,0.00276166381898868,3.3536
2006-05-15,62.271084,0.0025087443694422618,2.2661
2006-05-22,62.372559,0.0030063658621557465,2.974
2006-05-29,62.239853,0.005018856143231609,4.5079
2006-06-05,62.426163,0.0018829103115072243,2.2399
2006-06-12,62.308674,0.00301476171677173,3.95
2006-06-19,62.245975,0.001761228326978781,3.3509
2006-06-26,62.426163,0.00339341750997324,4.2247
2006-07-03,62.238106,0.002394242227429011,4.597
2006-07-10,62.566032,0.003018073197484483,4.694
2006-07-17,62.660397,0.004647411404706148,3.8053
2006-07-24,62.833347,0.003759340290597102,2.5147
2006-07-31,62.699722,0.00413457946213569,1.8378
2006-08-07,62.93512,0.002004963102781865,1.7701
2006-08-14,63.108669,0.00363159877952679,1.8786
2006-08-21,63.179676,0.0014991881774752969,1.5633
2006-08-28,63.156021,0.003995011455842246,1.3855
2006-09-04,63.354153,0.0018758462325463299,1.8159
2006-09-11,63.354153,0.0017495506352664947,2.1438
2006-09-18,63.599632,0.005367297279502026,2.9674
2006-09-25,63.591747,0.0017421482645332276,2.7654
2006-10-02,63.40963,0.0034938767978536234,2.7342
2006-10-09,63.563145,0.003124026205256314,3.234
2006-10-16,63.626713,0.0018749083440621206,2.5846
2006-10-23,63.809532,0.004118081464127954,3.3314
2006-10-30,63.531342,0.005616189488901746,2.3596
2006-11-06,63.910614,0.0031244167530957156,2.7599
2006-11-13,63.934551,0.002122277821242413,5.1584
2006-11-20,64.022285,0.0026179532335568467,1.2567
2006-11-27,64.062164,0.0036111489113963557,2.2303
2006-12-04,64.179535,0.002616322315234676,7.072
2006-12-11,64.179535,0.002244110071164762,3.1248
2006-12-18,64.267563,0.002492486412900341,4.4254
2006-12-25,64.011368,0.00511824349335388,3.3899
2007-01-01,64.296448,0.001999051115505246,2.0072
2007-01-08,64.17601,0.0022502821784717852,2.1712
2007-01-15,64.232201,0.0035048102186872043,2.0677
2007-01-22,64.216118,0.003497368150711999,2.3605
2007-01-29,64.087708,0.004254210726823082,2.5266
2007-02-05,64.37706,0.002253663183155119,2.8172
2007-02-12,64.562378,0.0035004287367597087,2.6
2007-02-19,64.626839,0.0017473668404024423,1.112
2007-02-26,64.723579,0.004606906073700401,4.4689
2007-03-05,64.86171,0.0027411055432136067,3.2403
2007-03-12,64.999222,0.0031115837774065014,3.3129
2007-03-19,64.999222,0.002860913681788979,1.9428
2007-03-26,65.071991,0.0029820723079510003,2.1814
2007-04-02,64.86171,0.001621213768673968,1.4102
2007-04-09,64.994858,0.002122455355453745,2.5458
2007-04-16,65.165314,0.0036161022234351137,2.1777
2007-04-23,65.222122,0.003862767199589001,4.6355
2007-04-30,65.027267,0.00510931393886338,1.4333
2007-05-07,65.275719,0.0017467128256365427,3.4637
2007-05-14,65.202408,0.001997291876062235,3.8293
2007-05-21,65.283882,0.0016233380703134515,5.0056
2007-05-28,64.958031,0.005254584841337895,3.5528
2007-06-04,65.193314,0.0021320381546745537,3.4934
2007-06-11,65.250526,0.0021323181889094656,2.491
2007-06-18,65.414085,0.0033803349872139066,3.2288
2007-06-25,65.536697,0.002372714179823987,2.7173
2007-07-02,65.209656,0.0031322457950331284,6.9149
2007-07-09,65.587585,0.003130284985910947,3.2503
2007-07-16,65.809204,0.003747131468876397,5.8897
2007-07-23,66.104607,0.005600823547653455,3.7779
2007-07-30,66.014297,0.005598036464165013,3.1587
2007-08-06,66.237953,0.004980015272314731,7.478
2007-08-13,66.666313,0.009782766215582939,7.0398
2007-08-20,66.583931,0.005431466125642714,4.2229
2007-08-27,66.822815,0.005306361559519246,4.3588
2007-09-03,66.888733,0.011641023098655445,1.7728
2007-09-10,67.017967,0.006291293264202302,2.6223
2007-09-17,67.051018,0.017499621036688673,5.2686
2007-09-24,67.191628,0.004676980833088429,3.0086
2007-10-01,66.951843,0.002962574761889769,10.5984
2007-10-08,67.07296,0.0038307739390939233,5.0538
2007-10-15,67.57917,0.00986196367982739,5.2948
2007-10-22,67.628975,0.00479144619327343,3.5798
2007-10-29,67.562569,0.0073720202080211905,3.6348
2007-11-05,68.090103,0.008689853561708816,5.3974
2007-11-12,68.298317,0.00562142518137243,3.4154
2007-11-19,68.639832,0.01096236279647922,3.5544
2007-11-26,68.723175,0.011125994226014235,3.6669
2007-12-03,68.448242,0.006930540318161427,4.6057
2007-12-10,68.435669,0.0065733774906124864,3.7355
2007-12-17,68.711449,0.005354150017645054,5.4061
2007-12-24,68.586121,0.004023684073062306,2.0601
2007-12-31,69.264549,0.006918762974165382,3.8846
2008-01-07,69.482635,0.004838548091344208,6.1504
2008-01-14,69.801277,0.0060212127240246716,5.6577
2008-01-21,70.027695,0.015868625777461176,6.6299
2008-01-28,69.960663,0.004912884966072895,7.316
2008-02-04,70.373253,0.006815355054218486,8.8742
2008-02-11,70.322762,0.0035838409137847194,5.5398
2008-02-18,70.305916,0.004668151505947016,3.9142
2008-02-25,70.793663,0.00918583250499072,4.699
2008-03-03,70.776794,0.0052312923650710275,5.6525
2008-03-10,71.040504,0.007249434867023119,3.7453
2008-03-17,70.939354,0.006402689608138168,3.5721
2008-03-24,70.956284,0.004760792110520384,4.0032
2008-03-31,70.585564,0.008221613235465774,5.5368
2008-04-07,70.868385,0.0052556498751776815,3.7984
2008-04-14,70.412506,0.009094175450845121,4.6346
2008-04-21,70.184547,0.004205040085771827,4.1148
2008-04-28,70.024139,0.007695120518384613,4.1675
2008-05-05,70.44809,0.004931106269549623,4.647
2008-05-12,70.21978,0.005899782293266043,2.7752
2008-05-19,70.261986,0.004575528780718763,2.7225
2008-05-26,70.135147,0.006400589411206248,3.325
2008-06-02,70.160492,0.0047058910374122576,2.4461
2008-06-09,69.688095,0.008855555981477359,4.4003
2008-06-16,69.925591,0.004129274752425083,2.8484
2008-06-23,70.264923,0.0067805683760608915,4.6047
2008-06-30,70.230942,0.0035047592253967252,3.2177
2008-07-07,70.357483,0.003983371746858921,3.3494
2008-07-14,70.323486,0.006754397930481382,4.1437
2008-07-21,70.365974,0.004475399090527965,4.1205
2008-07-28,70.400032,0.003981929846588628,2.8043
2008-08-04,70.686005,0.004225759331138335,3.0138
2008-08-11,70.788391,0.0057964537527839255,5.3346
2008-08-18,70.805435,0.0032497351010496445,2.9882
2008-08-25,70.941933,0.0015647232028310754,2.8837
2008-09-01,70.87365,0.005421421562324724,3.5013
2008-09-08,71.151566,0.00565892783607147,3.5708
2008-09-15,71.237144,0.015181739384172666,26.1402
2008-09-22,71.365501,0.007321655244576064,5.9577
2008-09-29,71.827469,0.0100311801251447,11.3132
2008-10-06,72.077568,0.01012936064038783,28.0003
2008-10-13,72.026077,0.01701861493926593,8.1369
2008-10-20,72.24073,0.0070176201523315385,5.4974
2008-10-27,72.2836,0.00404526433910668,5.5464
2008-11-03,72.137657,0.004643129817803349,6.4647
2008-11-10,72.608521,0.005578992285868445,4.1174
2008-11-17,72.935951,0.006507008942744363,6.2255
2008-11-24,73.082512,0.005439377283883218,2.674
2008-12-01,72.944603,0.004015073886997733,4.6095
2008-12-08,73.418892,0.005903205073218842,4.4277
2008-12-15,73.315125,0.005061514073735118,5.5016
2008-12-22,73.297821,0.002360683301912303,2.227
2008-12-29,72.813599,0.005801899072054972,2.9737
2009-01-05,73.303047,0.0030805949263124077,10.1744
2009-01-12,73.372475,0.002957706907248614,8.0633
2009-01-19,73.311714,0.003553278619817135,5.5047
2009-01-26,73.172821,0.00284560305842696,6.5111
2009-02-02,72.895042,0.003210239979542173,5.5556
2009-02-09,73.084099,0.004043340031104847,4.4097
2009-02-16,73.188438,0.0030897470353261625,3.0588
2009-02-23,73.066734,0.003331329553263096,5.9174
2009-03-02,73.014603,0.0040475769544761064,7.0977
2009-03-09,73.135498,0.005851088468366683,6.3833
2009-03-16,73.300995,0.004880623879267354,8.6419
2009-03-23,73.257515,0.0024980564200509647,6.8881
2009-03-30,73.004883,0.0061853890555889635,7.1299
2009-04-06,73.118492,0.002502819895886077,4.6183
2009-04-13,73.170815,0.0032153050007313055,5.0782
2009-04-20,73.19696,0.0023817683812419332,4.1449
2009-04-27,73.109741,0.0036941947071778003,3.9711
2009-05-04,73.211624,0.0021489980130242614,5.221
2009-05-11,73.377655,0.002622182623651881,5.4002
2009-05-18,73.368919,0.002382715013088621,5.6032
2009-05-25,73.35144,0.0020265608169278693,2.9749
2009-06-01,72.730858,0.008022530102335779,7.5786
2009-06-08,72.897087,0.0038484714690287802,4.2272
2009-06-15,73.028366,0.0032360188261426615,4.5091
2009-06-22,73.290993,0.003469122549375925,4.4079
2009-06-29,73.334801,0.0028681305340914065,3.1021
2009-07-06,73.599648,0.0028619742712887586,4.4067
2009-07-13,73.415527,0.003937259636859203,3.2735
2009-07-20,73.371719,0.0034620817470969456,4.5044
2009-07-27,73.362892,0.003230295364203606,3.5049
2009-08-03,72.950943,0.003958915877640301,5.329
2009-08-10,73.443672,0.0056284324872022395,3.7565
2009-08-17,73.408554,0.0026281463297150864,3.9821
2009-08-24,73.61042,0.0032249058088034133,3.3229
2009-08-31,73.601707,0.0025040136644598476,3.1542
2009-09-07,73.731705,0.0026217867478912638,2.6675
2009-09-14,73.661369,0.006333282994259726,4.1228
2009-09-21,73.775597,0.0022646770376173464,3.9817
2009-09-28,73.84597,0.002977787847991742,5.196
2009-10-05,73.81427,0.0033349007007634768,4.6855
2009-10-12,73.849472,0.00440392311125315,3.8171
2009-10-19,73.735031,0.0027411494756570676,4.9866
2009-10-26,73.937515,0.004291864131306333,5.1417
2009-11-02,73.884644,0.002384892601971167,4.373
2009-11-09,74.122665,0.0015480443237958497,3.0302
2009-11-16,74.228516,0.002972830502958601,4.2574
2009-11-23,74.369644,0.0029685946146082998,2.6514
2009-11-30,73.593483,0.011442306349010778,4.6793
2009-12-07,74.175095,0.002631592475016653,3.0758
2009-12-14,74.219536,0.0032336815199212054,3.0175
2009-12-21,73.926453,0.003238431615841364,2.8981
2009-12-28,73.677727,0.0040939732568761045,4.0043
2010-01-04,74.002106,0.0033678045024299053,4.8389
2010-01-11,74.171005,0.0022791589612722873,3.1282
2010-01-18,74.313255,0.002395461751400596,4.2462
2010-01-25,74.339905,0.0019152986233841318,4.1415
2010-02-01,74.411003,0.003589415131808771,4.9963
2010-02-08,74.370163,0.002753056912642826,4.7139
2010-02-15,74.245522,0.0032341766034011954,3.6469
2010-02-22,74.459152,0.003231455148767104,4.3782
2010-03-01,74.281197,0.00251480877674215,5.1827
2010-03-08,74.2677,0.0019180538586640594,5.6684
2010-03-15,74.232063,0.0017984657506762147,3.3602
2010-03-22,74.187523,0.0028818222556576956,2.9336
2010-03-29,74.16082,0.0020399359331797484,4.711
2010-04-05,74.196327,0.0031269058100065195,7.7799
2010-04-12,74.383545,0.002759898587035181,4.7665
2010-04-19,74.249863,0.002279979415459543,3.0326
2010-04-26,74.481659,0.003357305251375564,4.2852
2010-05-03,74.615417,0.005742377305971935,8.9933
2010-05-10,74.756531,0.0037062030366152854,4.896
2010-05-17,74.810043,0.003101541388863538,12.205
2010-05-24,74.818993,0.00310377470663159,5.9777
2010-05-31,74.85466,0.002864953595853592,6.0554
2010-06-07,74.873436,0.0016704335607906629,4.5362
2010-06-14,74.927025,0.0021464354346187875,5.3599
2010-06-21,75.069946,0.0030974768998914826,8.045
2010-06-28,75.043175,0.002141583235422573,5.3359
2010-07-05,75.081543,0.0011903227424427953,4.0785
2010-07-12,75.206635,0.0026181260216011637,4.8228
2010-07-19,75.17984,0.0011885668286391038,4.1206
2010-07-26,75.278168,0.0028530452407160567,7.9193
2010-08-02,75.296043,0.001781802423386658,7.0812
2010-08-09,75.34166,0.0016625107933556649,5.3195
2010-08-16,75.404358,0.001186650185606375,3.7441
2010-08-23,75.34166,0.002254560392772831,4.8586
2010-08-30,75.296951,0.0024927190038264158,5.8185
2010-09-06,75.296814,0.002138784085265577,5.1688
2010-09-13,75.466995,0.0021380338730878634,3.4342
2010-09-20,75.520653,0.0017790552361001133,5.7155
2010-09-27,75.502815,0.001185524703595675,7.8464
2010-10-04,75.677475,0.0018954631904097852,6.7877
2010-10-11,75.63269,0.001539610627930621,4.662
2010-10-18,75.68644,0.0008288438300283474,4.3116
2010-10-25,75.71331,0.0017765267576965726,5.3299
2010-11-01,75.623718,0.001777158166411219,4.6204
2010-11-08,75.47747,0.002967185239120873,5.834
2010-11-15,75.47747,0.0015448283307222255,6.9235
2010-11-22,75.513351,0.002255898889429453,3.2896
2010-11-29,75.486465,0.0028520281447885765,4.8099
2010-12-06,75.301529,0.004282164294639124,5.9862
2010-12-13,75.364288,0.0020260778282512604,4.7455
2010-12-20,75.247673,0.002382715013088621,2.6087
2010-12-27,75.373276,0.0033392875992159787,4.5419
2011-01-03,75.452393,0.002979917682076838,6.4537
2011-01-10,75.470406,0.00166666705246854,4.4943
2011-01-17,75.425484,0.0013096138156765136,3.3878
2011-01-24,75.542213,0.0023797845454334166,4.9851
2011-01-31,75.209854,0.005124244250487742,6.0931
2011-02-07,75.153885,0.001912996768908215,4.553
2011-02-14,75.297745,0.002509999599905832,5.0078
2011-02-21,75.414597,0.0015507249576884874,4.1693
2011-02-28,75.414597,0.0029824061348575626,3.6557
2011-03-07,75.532455,0.0025037986254634603,3.8264
2011-03-14,75.604332,0.0022601924134288964,7.1043
2011-03-21,75.406494,0.002502819895886077,4.7327
2011-03-28,75.343544,0.0029859682498907247,4.7786
2011-04-04,75.367836,0.0017912944206877057,4.5974
2011-04-11,75.592918,0.003340482725385563,4.423
2011-04-18,75.601875,0.0010715843076276599,3.1106
2011-04-25,75.745972,0.002379596615904589,4.2957
2011-05-02,75.763939,0.0017832852294672463,5.2212
2011-05-09,75.85952,0.001188189303288567,4.0876
2011-05-16,75.904533,0.0019004163208657943,5.546
2011-05-23,76.021652,0.00177948912775161,3.613
2011-05-30,75.994637,0.0010669987251317181,4.6951
2011-06-06,76.108208,0.001422161872524974,5.9986
2011-06-13,76.153336,0.0017777071348321627,5.6954
2011-06-20,76.234451,0.0017756855279582595,12.5264
2011-06-27,75.936935,0.003911984147935144,8.9461
2011-07-04,76.145302,0.002134737439342338,3.5889
2011-07-11,76.199471,0.0008291383457432744,4.9293
2011-07-18,76.145302,0.0013030861133946914,4.4151
2011-07-25,76.235512,0.002250809429177103,10.7058
2011-08-01,76.298782,0.002367484547850296,12.5238
2011-08-08,76.507347,0.0028358520383306995,16.2883
2011-08-15,76.489288,0.000944439256215901,8.2122
2011-08-22,76.498405,0.0012989433632162317,5.8326
2011-08-29,76.435165,0.001299084872425027,7.7347
2011-09-05,76.529068,0.0010630914835383365,3.8903
2011-09-12,76.510986,0.0008269715113211618,6.3831
2011-09-19,76.447769,0.0016538574061453204,8.8636
2011-09-26,76.420593,0.0010644746658803328,8.3569
2011-10-03,76.303139,0.0017756855279582595,12.1344
2011-10-10,76.374535,0.0015400701880663448,9.4399
2011-10-17,76.392578,0.0007101195874250621,7.8448
2011-10-24,76.374535,0.0014204903040795358,9.9521
2011-10-31,76.43779,0.0005915764634236709,11.0957
2011-11-07,76.445084,0.000709783547009124,7.6384
2011-11-14,76.435959,0.001064738324816794,7.6588
2011-11-21,76.463158,0.000591633641402467,6.2489
2011-11-28,76.426933,0.0009467693014908463,12.8523
2011-12-05,76.512894,0.0008283533894362094,7.3276
2011-12-12,76.521965,0.0005916464740511884,9.9858
2011-12-19,76.476669,0.001183560301786457,7.7228
2011-12-26,76.485779,0.0011841090645345886,7.0169
2012-01-02,76.484825,0.004725360379397081,11.1618
2012-01-09,76.54821,0.0008283533894362094,7.7882
2012-01-16,76.530121,0.000709783547009124,8.1905
2012-01-23,76.611626,0.0013010824782027086,11.2698
2012-01-30,76.5392,0.0010644746658803328,15.9354
2012-02-06,76.512901,0.0009469105877206729,7.3137
2012-02-13,76.449471,0.0008291383457432744,5.6777
2012-02-20,76.440399,0.0005923929280866602,10.5999
2012-02-27,76.449471,0.0010664613843296422,4.6587
2012-03-05,76.435883,0.0008297244920454361,5.6573
2012-03-12,76.381477,0.002254560392772831,9.9187
2012-03-19,76.372437,0.0013058825307696864,5.1652
2012-03-26,76.417755,0.0008303067069279635,4.5518
2012-04-02,76.399605,0.0010678532188732603,4.482
2012-04-09,76.526527,0.0010666193603814378,7.9275
2012-04-16,76.553726,0.0004738213669837066,2.8741
2012-04-23,76.553726,0.0005921369146433264,4.258
2012-04-30,76.571854,0.0007105281945500863,12.6245
2012-05-07,76.597252,0.0004736648965186774,5.0959
2012-05-14,76.542862,0.0011845298427299866,9.8661
2012-05-21,76.570045,0.0005924175386651243,4.5162
2012-05-28,76.597252,0.0010657351947189753,8.4919
2012-06-04,76.595444,0.0008290282793339543,12.8375
2012-06-11,76.586372,0.0007108649462113092,4.666
2012-06-18,76.550064,0.0008295313820365635,10.5538
2012-06-25,76.541008,0.0007112244072615681,11.4779
2012-07-02,76.577293,0.0008295313820365635,18.9162
2012-07-09,76.646271,0.0007105281945500863,2.6017
2012-07-16,76.709808,0.0008283533894362094,9.7189
2012-07-23,76.655396,0.001183503096721772,7.216
2012-07-30,76.655396,0.001065073160678942,6.7489
2012-08-06,76.642632,0.0010657351947189753,5.4436
2012-08-13,76.606308,0.0008293229303797389,4.4443
2012-08-20,76.660782,0.0011845298427299866,3.9648
2012-08-27,76.715263,0.0011837004293075992,3.6127
2012-09-03,76.669853,0.0009471055408205586,5.171
2012-09-10,76.67347,0.0008287456817193117,5.7112
2012-09-17,76.67347,0.00047372100258868954,3.4894
2012-09-24,76.727974,0.0009472176998439608,3.8083
2012-10-01,76.655304,0.0007105388060297813,8.2556
2012-10-08,76.693474,0.0003553212821998386,2.9879
2012-10-15,76.638931,0.0009478792010444437,3.1773
2012-10-22,76.629868,0.0005926400173459356,2.8819
2012-10-29,76.648033,0.0008295313820365635,2.1726
2012-11-05,76.684364,0.0010662402652972247,6.6185
2012-11-12,76.711609,0.0005921369146433264,5.5738
2012-11-19,76.675285,0.0007106123672793174,2.7802
2012-11-26,76.693474,0.0005921824312364876,3.1758
2012-12-03,76.702538,0.0005921122824954494,4.9213
2012-12-10,76.729774,0.0003552489844640405,4.3934
2012-12-17,76.68438,0.0008291383457432744,5.3514
2012-12-24,76.693459,0.00047388936127923387,3.7513
2012-12-31,76.703453,0.0007107084097004446,6.1326
2013-01-07,76.721573,0.0007107084097004446,5.055
2013-01-14,76.721573,0.00047372100258868954,7.4319
2013-01-21,76.703453,0.0007106123672793174,2.9929
2013-01-28,76.694374,0.00094768399463252,3.5639
2013-02-04,76.758881,0.00047368234645261964,5.8701
2013-02-11,76.722511,0.0005923473454476635,3.4845
2013-02-18,76.740715,0.0004738213669837066,2.5772
2013-02-25,76.767952,0.0007105388060297813,5.1898
2013-03-04,76.748001,0.0008291383457432744,2.769
2013-03-11,76.766182,0.0004738213669837066,4.3637
2013-03-18,76.75708,0.0003552489844640405,2.8225
2013-03-25,76.793465,0.0005921369146433264,3.0698
2013-04-01,76.802551,0.001065956149184366,7.8701
2013-04-08,76.809807,0.0003552477394839215,7.8665
2013-04-15,76.818909,0.00035512282743965784,3.3113
2013-04-22,76.837135,0.0005918565563565181,3.2746
2013-04-29,76.809807,0.0007100355327889218,3.745
2013-05-06,76.816154,0.00047355276348248765,2.4802
2013-05-13,76.807076,0.0005920667879051322,2.8456
2013-05-20,76.788857,0.0005920667879051322,3.9155
2013-05-27,76.743401,0.001303252384625253,4.5498
2013-06-03,76.743401,0.0007111401021298036,6.1094
2013-06-10,76.804321,0.001540888086410952,5.9825
2013-06-17,76.64061,0.0024900587215421766,10.6053
2013-06-24,76.667915,0.0020183919351843826,11.6136
2013-07-01,76.604225,0.0015429116876894966,7.0884
2013-07-08,76.683372,0.0016611181144208231,6.0456
2013-07-15,76.783478,0.001185524703595675,4.0191
2013-07-22,76.792564,0.0010669670859879687,4.2674
2013-07-29,76.801628,0.0011854671707718367,10.2195
2013-08-05,76.799797,0.0004740016481799003,3.7324
2013-08-12,76.745262,0.0016595428082144537,5.0133
2013-08-19,76.67244,0.001780027785969196,5.6249
2013-08-26,76.717934,0.0009492407090228028,3.746
2013-09-02,76.599655,0.0023766736848065406,6.019
2013-09-09,76.643227,0.0010691216666138814,4.7327
2013-09-16,76.807091,0.0020155083944839447,7.9426
2013-09-23,76.870888,0.0013030861133946914,5.6739
2013-09-30,76.83445,0.0008290282793339543,12.3796
2013-10-07,76.814407,0.0013035493626745165,3.2298
2013-10-14,76.869041,0.001540522936777755,5.2338
2013-10-21,76.914528,0.0009472176998439608,5.889
2013-10-28,76.896347,0.0007101195874250621,4.5355
2013-11-04,76.913643,0.0009468813808863885,5.8211
2013-11-11,76.959129,0.0010652424451391695,5.9637
2013-11-18,76.995636,0.0007096995719013677,4.3375
2013-11-25,77.013794,0.0007096995719013677,2.046
2013-12-02,76.931824,0.001183560301786457,5.353
2013-12-09,76.940056,0.0009471055408205586,2.899
2013-12-16,76.885353,0.0013022318699205115,4.8459
2013-12-23,76.858032,0.000948115771952196,2.4881
2013-12-30,76.886284,0.00047394552054047523,4.5279
2014-01-06,76.913635,0.0014223304688032457,3.586
2014-01-13,76.904526,0.0010661139306753498,3.7132
2014-01-20,76.95916,0.0016581668985953257,2.7891
2014-01-27,77.032074,0.001301864160974553,3.8689
2014-02-03,77.032074,0.0010646951972814733,63.6382
2014-02-10,77.025635,0.001183503096721772,7.6774
2014-02-17,77.043915,0.00094632132746586,4.202
2014-02-24,77.062119,0.000827961468364613,7.1167
2014-03-03,76.95282,0.0017747623634312149,56.0343
2014-03-10,77.032997,0.0013020182859548868,4.1776
2014-03-17,76.914467,0.0021321969193266455,2.8229
2014-03-24,76.932716,0.0014223304688032457,4.1057
2014-03-31,76.969208,0.0011848224485824232,9.4787
2014-04-07,77.079506,0.0016570012468530848,4.7765
2014-04-14,77.024788,0.0014199860643007156,3.7976
2014-04-21,77.015671,0.0007102876975508821,2.9383
2014-04-28,77.033905,0.0009469105877206729,2.8499
2014-05-05,77.10778,0.001065073160678942,3.7101
2014-05-12,77.162506,0.0013007865223029214,2.9161
2014-05-19,77.153397,0.0010638142957049013,1.9347
2014-05-26,77.198959,0.000945203295149355,3.9588
2014-06-02,77.125999,0.0007093639287916176,4.345
2014-06-09,77.083099,0.0024836746107617103,3.2484
2014-06-16,77.055756,0.0010656089797507207,2.4321
2014-06-23,77.128723,0.0017744370894705597,2.5919
2014-06-30,77.046608,0.0017752771308465753,2.7214
2014-07-07,77.13327,0.0017756855279582595,4.5953
2014-07-14,77.078537,0.001065073160678942,6.2604
2014-07-21,77.096771,0.0007101195874250621,7.9353
2014-07-28,77.151512,0.00213094676739356,24.925
2014-08-04,77.185326,0.0011825234912343774,5.2769
2014-08-11,77.240051,0.0015363354401127793,5.4473
2014-08-18,77.148811,0.0015372438704632785,3.9159
2014-08-25,77.22184,0.0013010824782027086,2.9663
2014-09-01,77.167068,0.0009464624408233036,16.386
2014-09-08,77.101318,0.0015385292287284358,2.5235
2014-09-15,77.101318,0.0020119303072165806,3.4411
2014-09-22,77.165215,0.001065073160678942,4.913
2014-09-29,77.137825,0.0015377893935877296,26.9104
2014-10-06,77.402725,0.0027178273745782633,4.7947
2014-10-13,77.484909,0.007171029167230891,35.2468
2014-10-20,77.475784,0.0011788048324561373,6.5635
2014-10-27,77.366142,0.0018876362822437542,6.3662
2014-11-03,77.338745,0.0015357040677308476,18.8789
2014-11-10,77.383537,0.0016540528443469427,4.6673
2014-11-17,77.392647,0.0010629348631479019,26.9563
2014-11-24,77.447479,0.0014163717886646054,3.2145
2014-12-01,77.237358,0.0035435425692540434,5.4789
2014-12-08,77.382568,0.0027185526034267937,3.3283
2014-12-15,77.199814,0.0030736754308664516,5.6627
2014-12-22,77.117485,0.0017767490818805243,3.1368
2014-12-29,77.303139,0.0013020182859548868,3.8749
2015-01-05,77.431152,0.0030733120390298296,4.2272
2015-01-12,77.614075,0.0030649794845016842,3.1923
2015-01-19,77.586609,0.001532264990718346,2.9812
2015-01-26,77.70546,0.0022383468793334416,3.7257
2015-02-02,77.385414,0.004010338047705453,4.8997
2015-02-09,77.424637,0.0011815455200379077,5.8061
2015-02-16,77.424637,0.0018901718228265807,2.72
2015-02-23,77.479507,0.001653076251601604,5.3173
2015-03-02,77.333168,0.0018917479774636092,5.985
2015-03-09,77.443825,0.0016548349223519665,3.6089
2015-03-16,77.571976,0.0029514217056139103,4.136
2015-03-23,77.617676,0.0012973169319510092,3.7105
2015-03-30,77.663429,0.000942880786497291,4.701
2015-04-06,77.660698,0.0017666925928807586,3.8671
2015-04-13,77.743118,0.001648987388101375,14.1224
2015-04-20,77.743118,0.0009424196826905984,2.5763
2015-04-27,77.633232,0.0016499591542205039,4.1502
2015-05-04,77.701912,0.0016511384615540692,12.6845
2015-05-11,77.747726,0.0018861728594146143,5.1991
2015-05-18,77.65609,0.0014146177394911419,7.871
2015-05-25,77.729408,0.0015325319737922172,2.6852
2015-06-01,77.546196,0.002714073324701971,12.1651
2015-06-08,77.570877,0.0010629348631479019,4.3297
2015-06-15,77.726639,0.0030689590802186473,10.9601
2015-06-22,77.625839,0.0009438650784758806,2.5537
2015-06-29,77.772446,0.0017685673731184792,17.6651
2015-07-06,77.77063,0.0021201421868708437,9.3772
2015-07-13,77.743141,0.0011790380993295102,9.7644
2015-07-20,77.724754,0.001415630757730213,4.1834
2015-07-27,77.788933,0.0015327127011524055,12.9595
2015-08-03,77.651474,0.0021234052916287993,10.6839
2015-08-10,77.686249,0.002122892722830727,6.17
2015-08-17,77.851341,0.0022404702359501982,10.0155
2015-08-24,77.777954,0.0031796999859823316,14.3873
2015-08-31,77.768806,0.001061336288348258,23.3245
2015-09-07,77.814705,0.001179650949705291,6.5162
2015-09-14,77.8881,0.00271300662933438,7.9965
2015-09-21,77.869728,0.00153144875660427,6.7589
2015-09-28,78.053223,0.0028236018759821846,20.935
2015-10-05,77.989021,0.0015297408317618277,13.5813
2015-10-12,78.025749,0.0023528952031375283,8.5058
2015-10-19,77.998154,0.0012940535096239714,21.6261
2015-10-26,77.869682,0.0024727595907014788,13.3541
2015-11-02,77.621834,0.0028348471618926396,24.9714
2015-11-09,77.751167,0.0015367932298753217,17.2823
2015-11-16,77.67778,0.0012998524725338356,10.8524
2015-11-23,77.696091,0.0008276677879797134,5.4583
2015-11-30,77.631798,0.002011454290106407,16.1854
2015-12-07,77.724571,0.0017742271666048026,8.7482
2015-12-14,77.660278,0.0028426526139462283,7.3233
2015-12-21,77.595947,0.0013022318699205115,7.6223
2015-12-28,77.552719,0.0011850457742452747,9.445
2016-01-04,77.736626,0.0020119303072165806,22.2728
2016-01-11,77.902069,0.003071496875958424,10.0875
2016-01-18,77.911293,0.0016515163100265795,12.7617
2016-01-25,78.058388,0.0022402060232353804,7.5128
2016-02-01,78.095093,0.0025909094696130452,12.7564
2016-02-08,78.182556,0.0027038516920185884,7.4565
2016-02-15,78.145699,0.0015298266728898113,6.3798
2016-02-22,78.099777,0.00223572486939716,6.8137
2016-02-29,77.961807,0.002592824126575799,17.0047
2016-03-07,77.894501,0.0020067999416237825,12.4938
2016-03-14,78.087776,0.003895348135160681,14.0432
2016-03-21,78.041748,0.001061180327858402,6.0093
2016-03-28,78.1614,0.0028255022662282414,12.2101
2016-04-04,78.309616,0.0015294785207551342,10.6172
2016-04-11,78.300407,0.0012940535096239714,4.6709
2016-04-18,78.189911,0.0015300067627181946,7.6531
2016-04-25,78.282013,0.0024727595907014788,5.5344
2016-05-02,78.291183,0.0021173987940885652,8.1015
2016-05-09,78.327141,0.0012935028633274115,6.7499
2016-05-16,78.170464,0.0025916023610603744,8.673
2016-05-23,78.152046,0.0016503598782939832,8.6246
2016-05-30,78.281044,0.0028278327177941875,9.2935
2016-06-06,78.411072,0.0018825278678180624,3.423
2016-06-13,78.494057,0.0029344466153569115,5.0906
2016-06-20,78.577057,0.003523233177304519,8.9828
2016-06-27,78.641632,0.001172309643900249,9.57
2016-07-04,78.650826,0.0017590271835246085,9.9691
2016-07-11,78.475517,0.00199665342040678,10.6165
2016-07-18,78.52166,0.0009399836088670455,3.0829
2016-07-25,78.623138,0.0022317739402151204,4.7646
2016-08-01,78.475517,0.0017620445087631609,9.1678
2016-08-08,78.559425,0.0015279429518315624,7.3997
2016-08-15,78.494827,0.0012931406817831004,4.1554
2016-08-22,78.39325,0.0017646260474055708,2.6587
2016-08-29,78.430214,0.0016478346672199606,3.8091
2016-09-05,78.448662,0.0017646260474055708,5.7266
2016-09-12,78.52253,0.0020000947193485885,16.3102
2016-09-19,78.531776,0.0014122045171713893,10.2347
2016-09-26,78.541054,0.0009404256012244261,4.9929
2016-10-03,78.402481,0.001648610869127154,5.7121
2016-10-10,78.410721,0.0011785386992126945,10.0986
2016-10-17,78.484665,0.0009420867616709572,10.2062
2016-10-24,78.447723,0.001060305243009374,6.8161
2016-10-31,78.5401,0.0016484049320233396,15.8274
2016-11-07,78.346863,0.0030649794845016842,11.7592
2016-11-14,78.189674,0.001891065438329953,24.5838
2016-11-21,78.106468,0.001538247960763961,4.7929
2016-11-28,78.134186,0.0022492226513870506,12.5117
2016-12-05,78.171227,0.0010652424451391695,6.9876
2016-12-12,77.986183,0.0030819725492774452,6.3093
2016-12-19,78.032425,0.0011857940719668392,6.4531
2016-12-26,78.190765,0.002133460595096004,4.6953
2017-01-02,78.135147,0.001658375212064911,8.9118
2017-01-09,78.200005,0.0014209949020997925,5.5639
2017-01-16,78.200005,0.0018942115064222165,4.4206
2017-01-23,78.255516,0.0015383471285534966,11.1442
2017-01-30,78.200005,0.0022492226513870506,7.4438
2017-02-06,78.312042,0.0011825805331140415,5.7086
2017-02-13,78.302773,0.0017759076472341206,5.3313
2017-02-20,78.404655,0.0021281635397558674,3.6405
2017-02-27,78.12674,0.004143710422050084,6.1152
2017-03-06,78.139633,0.0015421795204977329,3.8472
2017-03-13,78.223068,0.0020160812993479382,4.5364
2017-03-20,78.324982,0.0017761179679727235,4.5335
2017-03-27,78.352837,0.0013015561282578858,4.2967
2017-04-03,78.260139,0.0014204903040795358,5.2555
2017-04-10,78.517975,0.002365709629667201,2.7126
2017-04-17,78.564308,0.0010630914835383365,3.8594
2017-04-24,78.499382,0.0011825234912343774,4.9952
2017-05-01,78.378769,0.001301864160974553,6.2571
2017-05-08,78.482674,0.0018942115064222165,3.1175
2017-05-15,78.538345,0.0016554219321163188,3.3594
2017-05-22,78.519783,0.0010643487492858483,3.7198
2017-05-29,78.538345,0.0015372438704632785,3.7903
2017-06-05,78.486374,0.0013014021126664943,5.9916
2017-06-12,78.523468,0.0017746352416851963,3.44
2017-06-19,78.551407,0.001183503096721772,3.6637
2017-06-26,78.495605,0.0009466572486243052,7.6832
2017-07-03,78.412033,0.0009480034001612125,5.437
2017-07-10,78.576546,0.0015387941632676316,4.9824
2017-07-17,78.641586,0.0010646951972814733,3.714
2017-07-24,78.65094,0.0013011535596945123,2.6905
2017-07-31,78.567207,0.0011828485356959462,4.9515
2017-08-07,78.782173,0.0020101218472792226,3.8906
2017-08-14,78.735573,0.0016548349223519665,2.7487
2017-08-21,78.772812,0.0012995572098732922,3.3876
2017-08-28,78.716972,0.001772455412329954,4.2399
2017-09-04,78.877106,0.001181032352207012,2.9401
2017-09-11,78.74675,0.0017731667797704631,4.8044
2017-09-18,78.644295,0.0015387941632676316,3.3654
2017-09-25,78.653587,0.0011838405900137516,3.144
2017-10-02,78.551155,0.0030798649533574363,6.4668
2017-10-09,78.665718,0.0011852318702318954,4.3267
2017-10-16,78.572517,0.0013047982320619766,2.867
2017-10-23,78.591118,0.0009492407090228028,6.1155
2017-10-30,78.469948,0.002136245819198024,5.0202
2017-11-06,78.505287,0.0010691216666138814,3.8097
2017-11-13,78.449303,0.0011886129868594608,11.6783
2017-11-20,78.467987,0.001664966482465502,2.669
2017-11-27,78.356049,0.0024992456478027947,4.4576
2017-12-04,78.42041,0.0016674611017837293,7.1302
2017-12-11,78.401718,0.002024147836142909,6.9926
2017-12-18,78.252319,0.002145923544693673,4.2804
2017-12-25,78.396133,0.001193104412589463,4.6267
2018-01-01,78.330681,0.0011932937119256692,4.6329
2018-01-08,78.293335,0.0009551337651831915,4.8912
2018-01-15,78.265244,0.0010751568785494214,7.8009
2018-01-22,78.190453,0.0011951477173735015,4.4726
2018-01-29,78.068909,0.00251361668014205,9.2967
2018-02-05,78.252235,0.002991327494962448,10.799
2018-02-12,78.09314,0.002635279451761008,6.0202
2018-02-19,78.121193,0.0014381953840114647,4.5822
2018-02-26,78.083771,0.0021569810381247834,9.7859
2018-03-05,78.126846,0.001078861370198858,4.3584
2018-03-12,78.145599,0.001198454143895411,5.402
2018-03-19,78.229919,0.0022774358197130695,7.4718
2018-03-26,78.286148,0.001436989855172044,8.3599
2018-04-02,78.220566,0.0015575034505515006,10.3909
2018-04-09,78.196098,0.0014385281445328246,5.7741
2018-04-16,78.092949,0.0014404395461351527,5.3355
2018-04-23,78.13044,0.0010810642926495362,10.0193
2018-04-30,78.027267,0.002042973732260478,9.9707
2018-05-07,78.095749,0.0007212044812785479,19.953
2018-05-14,78.105103,0.0013230022331516267,4.7549
2018-05-21,78.283554,0.002762206780945853,5.2557
2018-05-28,78.199036,0.004673733743877584,12.7921
2018-06-04,78.326691,0.0016812662286760371,29.8238
2018-06-11,78.28907,0.0015623824237600559,13.5364
2018-06-18,78.354874,0.0009606701773972048,6.7243
2018-06-25,78.411308,0.0011996882293043853,13.8158
2018-07-02,78.317268,0.0008409924508763211,9.8539
2018-07-09,78.420715,0.0007209540184973662,7.0342
2018-07-16,78.420715,0.001081194184022749,8.2501
2018-07-23,78.36422,0.0012018991687003933,6.9631
2018-07-30,78.298271,0.0020450894345849235,19.133
2018-08-06,78.551041,0.002043956251648993,5.6712
2018-08-13,78.579338,0.0009609850589402669,5.4093
2018-08-20,78.626495,0.0006000720446532881,5.8013
2018-08-27,78.636002,0.0013206077030778474,8.1714
2018-09-03,78.437798,0.0014425174056116319,8.1264
2018-09-10,78.504593,0.0012033575097314397,3.4808
2018-09-17,78.466789,0.0009634152844952837,6.6517
2018-09-24,78.523506,0.0012039370367542546,6.5627
2018-10-01,78.334473,0.0015676457932620735,10.8568
2018-10-08,78.52066,0.0016879554981974465,10.8877
2018-10-15,78.52066,0.0010848431124816926,10.9568
2018-10-22,78.691063,0.0031302938740349617,14.3272
2018-10-29,78.454399,0.003492939519202487,29.9723
2018-11-05,78.601982,0.0010859246919316945,11.0298
2018-11-12,78.820091,0.0026496583486412817,10.5598
2018-11-19,78.848564,0.0010822681722890692,14.8314
2018-11-26,78.943382,0.0016826927654047807,13.2353
2018-12-03,78.962318,0.0031261537272344597,12.9823
2018-12-10,79.135262,0.001801718080309378,31.9472
2018-12-17,79.211258,0.0015601203190813706,37.5073
2018-12-24,79.514694,0.002515411385650701,21.2046
2018-12-31,79.543251,0.003464881914761797,21.5266
2019-01-07,79.533699,0.0020338345472667996,15.9505
2019-01-14,79.467125,0.002753056912642826,15.0893
2019-01-21,79.5242,0.0014350875631450322,15.588
2019-01-28,79.50515,0.0032251834681629177,28.14
2019-02-04,79.773483,0.0022712579517074616,19.759
2019-02-11,79.744904,0.001434229923533259,18.4661
2019-02-18,79.821114,0.0010747836403659505,15.7058
2019-02-25,79.611458,0.003227592345005803,17.8329
2019-03-04,79.939545,0.0026306484927607343,22.6044
2019-03-11,80.006371,0.001432788304813748,9.797
2019-03-18,80.225945,0.003695158840115731,9.0362
2019-03-25,80.311867,0.0020207792909312516,11.4196
2019-04-01,80.082741,0.0009536536776355575,20.1477
2019-04-08,80.20092,0.001311319224414298,13.3751
2019-04-15,80.248734,0.0011925353047859133,5.0345
2019-04-22,80.430519,0.0022623454177335134,14.5842
2019-04-29,80.229584,0.0032153050007313055,7.6699
2019-05-06,80.52243,0.0019049415951055693,8.4576
2019-05-13,80.647034,0.001426060890103109,10.1428
2019-05-20,80.723724,0.002732440088752952,8.1185
2019-05-27,81.039955,0.004146164944978992,17.6573
2019-06-03,81.04953,0.0026026396319602796,57.0055
2019-06-10,81.231079,0.002365709629667201,15.4135
2019-06-17,81.375107,0.003896810855929189,19.3867
2019-06-24,81.413521,0.0017694018703453551,10.0909
2019-07-01,81.115852,0.0024838855402649074,12.975
2019-07-08,81.313484,0.0017756855279582595,6.8482
2019-07-15,81.390442,0.0026007107695678044,6.4842
2019-07-22,81.361557,0.001418799041946528,5.3117
2019-07-29,81.467384,0.003428924415330492,9.9029
2019-08-05,81.747093,0.0027083090013810818,12.1173
2019-08-12,82.007309,0.004002878007935529,14.2654
2019-08-19,81.997673,0.0019996242856477053,8.9888
2019-08-26,81.997673,0.0012931406817831004,11.7063
2019-09-02,81.814552,0.0027073644388844187,10.6609
2019-09-09,81.578682,0.00437011263991316,12.9623
2019-09-16,81.733154,0.0021271575277612698,12.4918
2019-09-23,81.849014,0.001769527999861964,10.6542
2019-09-30,82.100014,0.005303766243260455,13.8094
2019-10-07,81.969795,0.003888099154386815,11.8728
2019-10-14,82.027817,0.0016509437128071625,9.1902
2019-10-21,81.960121,0.0015329877329568475,5.9679
2019-10-28,81.960121,0.0030649794845016842,11.5916
2019-11-04,81.940468,0.0021269061293756053,10.4103
2019-11-11,82.056686,0.002243645100247882,10.8678
2019-11-18,82.076042,0.00106172369474411,8.85
2019-11-25,82.10511,0.0009438650784758806,7.6995
2019-12-02,81.959831,0.0024800603351256,12.2561
2019-12-09,82.138115,0.0020093972957484496,7.1773
2019-12-16,82.002281,0.0018917479774636092,7.8883
2019-12-23,82.212936,0.0017742271666048026,5.4492
2019-12-30,82.339264,0.001889514024618677,9.3614
2020-01-06,82.300385,0.0011807653015631914,6.5901
2020-01-13,82.368416,0.0011803471973665935,9.6546
2020-01-20,82.465584,0.0014144627451715408,15.2846
2020-01-27,82.708511,0.0027050295346713327,10.0652
2020-02-03,82.475311,0.002120391813873468,10.8523
2020-02-10,82.625793,0.0012957302541405369,7.555
2020-02-17,82.752289,0.00223572486939716,6.9428
2020-02-24,83.43354,0.0071373730293782245,24.9898
2020-03-02,83.890945,0.009305673596513131,36.129
2020-03-09,84.091415,0.00834208314537399,85.9379
2020-03-16,84.296089,0.007750608525685543,58.1013
2020-03-23,84.452026,0.003002334749427682,69.405
2020-03-30,84.422806,0.0023073037329552903,29.1501
2020-04-06,84.526146,0.0018482620486164336,23.0411
2020-04-13,84.555443,0.0012695599194216811,18.0047
2020-04-20,84.535912,0.000807789530746561,20.5442
2020-04-27,84.506653,0.002653321000833486,27.6137
2020-05-04,84.635376,0.0017310141726136763,17.3003
2020-05-11,84.654945,0.001154056710718443,14.7944
2020-05-18,84.615891,0.0006924861812533933,15.0746
2020-05-25,84.635376,0.0006924062476443282,18.2006
2020-06-01,84.479126,0.0015022479366582075,24.0824
2020-06-08,84.596306,0.0013869974404139285,21.7871
2020-06-15,84.606087,0.0006932987030632276,17.4267
2020-06-22,84.645187,0.0008085475368755368,13.3273
2020-06-29,84.606087,0.0012705748612189538,14.6617
2020-07-06,84.646172,0.0005777020518955567,14.7566
2020-07-13,84.685287,0.0005777020518955567,12.7641
2020-07-20,84.685287,0.0003465488295946173,16.6482
2020-07-27,84.734154,0.001039394919923886,13.8529
2020-08-03,84.665718,0.0005775429129091236,14.6258
2020-08-10,84.655876,0.000924583971756654,14.3048
2020-08-17,84.665688,0.0004623324142549734,12.2851
2020-08-24,84.685242,0.0008091082632084579,13.8585
2020-08-31,84.616745,0.0012716145656517241,14.5849
2020-09-07,84.694031,0.0005781696375537493,10.0436
2020-09-14,84.694031,0.0004624927739538265,11.3862
2020-09-21,84.703827,0.00034682928994289597,14.1169
2020-09-28,84.66468,0.0009250116346724013,15.4305
2020-10-05,84.664658,0.0005784784690012756,13.3455
2020-10-12,84.684235,0.0005784115291973535,24.2746
2020-10-19,84.654839,0.00046285581796379205,11.3573
2020-10-26,84.674431,0.00034709863187565304,16.4825
2020-11-02,84.625443,0.0006946747131104658,16.9399
2020-11-09,84.614647,0.0005791741667620087,18.2966
2020-11-16,84.65387,0.0005789473879440621,13.2214
2020-11-23,84.673447,0.0003472709316811873,8.1187
2020-11-30,84.644051,0.0010421351943668,17.4234
2020-12-07,84.735229,0.0008103259298604115,13.3826
2020-12-14,84.686188,0.000694490134954151,11.6845
2020-12-21,84.71756,0.0003472995693369896,8.0386
2020-12-28,84.727371,0.0003472995693369896,7.1244
2021-01-04,84.697945,0.000926378008278661,14.5687
2021-01-11,84.697945,0.0004632962761625947,15.1081
2021-01-18,84.727371,0.000578972996517102,11.0823
2021-01-25,84.746986,0.0004630281177693263,13.5072
2021-02-01,84.727371,0.0003473513711576004,11.0748
2021-02-08,84.746986,0.0003473513711576004,12.8531
2021-02-15,84.746986,0.0004632426121276012,10.148
2021-02-22,84.697922,0.002202551184300461,25.5011
2021-03-01,84.639061,0.0009272633043710954,18.2717
2021-03-08,84.650833,0.000695709691690638,14.2484
2021-03-15,84.670448,0.0009272633043710954,15.5089
2021-03-22,84.699913,0.0005794286538653992,13.5225
2021-03-29,84.631203,0.0008114530969294265,12.4911
2021-04-05,84.659668,0.0010437461262498005,13.7304
2021-04-12,84.679283,0.000695709691690638,7.8563
2021-04-19,84.679283,0.0005796441394521068,12.0463
2021-04-26,84.698914,0.0005796301758760336,8.6918
2021-05-03,84.728378,0.0008112650384095588,10.1168
2021-05-10,84.710716,0.0006955488822457667,18.5584
2021-05-17,84.710716,0.0004636184464237303,18.3269
2021-05-24,84.749977,0.0005793754835643483,10.0924
2021-05-31,84.730331,0.0004635647453374858,7.1691
2021-06-07,84.742096,0.0004635110190944758,8.4258
2021-06-14,84.555534,0.0027849286809846774,24.5326
2021-06-21,84.565369,0.0011610125400176585,13.6116
2021-06-28,84.614471,0.0005803587104660224,9.8524
2021-07-05,84.676331,0.0011599351320263906,7.5804
2021-07-12,84.646873,0.0010444329472134584,8.8982
2021-07-19,84.71563,0.0006955483541357665,18.2298
2021-07-26,84.745094,0.0006955483541357665,9.3016
2021-08-02,84.666527,0.0015067751766100201,10.2139
2021-08-09,84.668449,0.0009281935656479945,8.024
2021-08-16,84.668449,0.0006959517818998506,9.1529
2021-08-23,84.707764,0.0008120179278510165,8.9555
2021-08-30,84.697929,0.0005796973967164831,7.5915
2021-09-06,84.691063,0.0004639411027298479,6.0568
2021-09-13,84.671425,0.0006958710476139274,8.3096
2021-09-20,84.582977,0.001624695764711248,10.2634
2021-09-27,84.661583,0.0010449179808338371,16.3672
2021-10-04,84.554497,0.0012775217523888216,24.0096
2021-10-11,84.446419,0.001279304696898187,13.0584
2021-10-18,84.328529,0.0020964368997793414,12.7003
2021-10-25,84.348167,0.001398217434728899,16.1622
2021-11-01,84.485741,0.0026780362284428705,16.9732
2021-11-08,84.290199,0.0029125668974510077,14.5839
2021-11-15,84.280373,0.002448255447558445,10.0133
2021-11-22,84.329506,0.0031484603799922795,10.475
2021-11-29,84.201767,0.004313652981906557,27.2222
2021-12-06,84.113228,0.0022202170836829183,14.3954
2021-12-13,84.152519,0.0021037992430370522,17.3637
2021-12-20,84.121078,0.0017524509932815846,12.808
2021-12-27,84.121078,0.0010522888830886146,13.1144
2022-01-03,83.875229,0.00269395184886978,17.0976
2022-01-10,83.757217,0.0014079903851795805,33.3067
2022-01-17,83.717888,0.0016451120333966784,15.0958
2022-01-24,83.540871,0.003996666892825296,35.5099
2022-01-31,83.295013,0.003654982443717536,38.8745
2022-02-07,83.071648,0.006393592511594548,32.2126
2022-02-14,83.091324,0.003555722645852022,16.7406
2022-02-21,83.032295,0.002605722174311431,16.5987
2022-02-28,83.160179,0.005435426259699838,27.6576
2022-03-07,82.820709,0.004625507724393074,24.2784
2022-03-14,82.505829,0.003932015836696223,23.6397
2022-03-21,81.994179,0.005867286219681134,20.3714
2022-03-28,81.807205,0.00372302119655199,29.0792
2022-04-04,81.763809,0.002647426383485474,27.9137
2022-04-11,81.881935,0.005285956692596905,21.5085
2022-04-18,81.586609,0.005422643850946152,28.5783
2022-04-25,81.6063,0.003973300031884008,33.9324
2022-05-02,81.586609,0.00446567638795603,42.6429
2022-05-09,81.886017,0.003851714050578714,35.0581
2022-05-16,81.97467,0.003849397224749751,21.0917
2022-05-23,82.220886,0.004439325706209196,23.4071
2022-05-30,81.866318,0.0034837083130350166,27.646
2022-06-06,81.368393,0.006399816373345857,23.1197
2022-06-13,81.200806,0.0060834837554972765,42.184
2022-06-20,81.457077,0.0066598660316365965,21.8872
2022-06-27,81.772514,0.0071277497698218895,42.2485
2022-07-04,81.455956,0.005920454712199152,22.928
2022-07-11,81.465828,0.004725361701936492,47.4249
2022-07-18,81.751961,0.006531143156998098,29.0651
2022-07-25,81.93943,0.004462348329382415,41.4755
2022-08-01,81.367165,0.006407638438092889,37.675
2022-08-08,81.522621,0.0033906425667682427,26.2862
2022-08-15,81.512726,0.0031507902753569184,32.5952
2022-08-22,81.384338,0.002789450666642601,19.8495
2022-08-29,81.295448,0.003891516548482521,24.5407
2022-09-05,81.166916,0.0024345355463104568,18.4691
2022-09-12,80.761475,0.006718439938984133,22.3861
2022-09-19,80.316483,0.005771502659569272,41.6272
2022-09-26,80.306587,0.0048032483799893555,42.2094
2022-10-03,80.128601,0.004678720588373153,32.0214
2022-10-10,80.047157,0.004199561559896203,26.8162
2022-10-17,80.146187,0.003585710178819035,26.3525
2022-10-24,80.324425,0.004687857005541751,23.3082
2022-10-31,79.888733,0.005817220547435831,27.0915
2022-11-07,80.583519,0.008524395361431125,26.9487
2022-11-14,80.414894,0.00283307445451797,46.4991
2022-11-21,80.533928,0.001972337941805513,12.4672
2022-11-28,80.752151,0.0039374850678512985,48.1729
2022-12-05,80.826668,0.0033203868048898855,24.7333
2022-12-12,80.936005,0.004666654639587264,26.1867
2022-12-19,81.006531,0.0022123903645185905,23.1505
2022-12-26,80.857109,0.0014774072840468833,18.479
2023-01-02,81.205757,0.0046717198030776785,22.5257
2023-01-09,81.325294,0.003797370795861177,27.0951
2023-01-16,81.46476,0.002935027159325365,19.2289
2023-01-23,81.414955,0.0017127481973293612,22.1475
2023-01-30,81.185837,0.004407463033418324,39.631
2023-02-06,81.077499,0.0022132064170738985,23.4666
2023-02-13,81.017616,0.002217568921141222,27.7051
2023-02-20,80.778099,0.0025921015677266013,18.5435
2023-02-27,80.598457,0.004577836608445018,25.2794
2023-03-06,81.209999,0.009152790942620115,35.3064
2023-03-13,82.269997,0.011226548523850077,61.0724
2023-03-20,82.519997,0.011670434152591724,31.3216
2023-03-24,82.519997,0.003268533890274483,8.638304
